Name,ContactID__c,rett_Deceased__c,rett_DeceaseDate__c,rett_BirthDate,rett_Gender__c
Saruki Dias,123456789D,false,,25/08/2021,Mujer
Name,ContactID__c,rett_Deceased__c,rett_DeceaseDate__c,rett_BirthDate,rett_Gender__c
Evangelin Gudgeon,87654321F,,,15/07/2016,Mujer
Claire Kaveney,87654321F,,,05/06/2009,Mujer
Mariette Pitcher,87654321F,,,13/04/2010,Mujer
Pietra Wotton,54321098E,,,15/08/2000,Mujer
Almeria Gorelli,45678901C,,,22/11/2020,Hombre
Lucius Paley,12345678A,,,28/04/2012,Mujer
Silvio Drife,67890123H,,,10/03/2003,Mujer
Janice Orable,34567890G,,05/12/2018,24/07/2022,Mujer
Shandie Puzey,12345678A,,,04/06/2023,Mujer
Kile Camellini,67890123H,,,09/03/2024,Mujer
Marina Skace,45678901C,,,04/12/2021,Mujer
Anallise Darell,90123456I,,,10/11/2004,Mujer
Sherye Charke,45678901C,,,19/08/2023,Mujer
Rubia Toyer,90123456I,,,28/08/2023,Mujer
Fons Matyushonok,54321098E,,,12/04/2007,Mujer
Deanna Utting,98765432B,,,27/09/2002,Mujer
Biron Havile,87654321F,,,11/02/2017,Mujer
Ephrayim Kenealy,98765432B,,03/01/2007,05/08/2010,Mujer
Marcelia Carlo,90123456I,,,24/05/2007,Mujer
Orelle Jime,90123456I,,,23/12/2014,Mujer
Kat Beverage,87654321F,,,24/11/2018,Mujer
Bell Scanes,98765432B,,,21/12/2015,Mujer
Arlin Wolver,23456789J,,,11/06/2010,Mujer
Ephraim Boobyer,54321098E,,,28/08/2021,Mujer
Rahal Cuphus,67890123H,,,11/01/2020,Mujer
Andee Salthouse,45678901C,,,05/01/2012,Mujer
Gardiner Hinemoor,54321098E,,,15/02/2010,Mujer
Mickie Mabbutt,34567890G,,,27/06/2005,Mujer
Chancey Mapstone,23456789J,,04/09/2023,11/10/2005,Mujer
Angie Maughan,90123456I,,,30/10/2000,Mujer
Alethea Gealle,87654321F,,,25/07/2013,Mujer
Colette Papps,98765432B,,,29/08/2021,Mujer
Arman Tuiller,98765432B,,11/05/2023,02/03/2012,Mujer
Keefer Gamett,87654321F,,,20/05/2016,Mujer
Kaylil Cisland,23456789J,,,27/07/2023,Mujer
Kellen Awmack,12345678A,,,01/10/2016,Mujer
Gill Keat,34567890G,,30/08/2003,24/11/2004,Mujer
Sherline Blaney,45678901C,,,26/06/2011,Mujer
Dominique Albone,87654321F,,,25/09/2019,Mujer
Rawley Standish-Brooks,21098765D,,,08/02/2014,Mujer
Noemi Gooda,34567890G,,,01/09/2021,Mujer
Elwin Merchant,54321098E,,,01/07/2005,Mujer
Clywd Gostridge,34567890G,,,22/04/2024,Mujer
Caitrin Straniero,98765432B,,,20/10/2001,Mujer
Barth Thomtson,12345678A,,,19/05/2017,Mujer
Jarid Dabel,87654321F,,01/03/2011,20/02/2014,Mujer
Maressa Franzel,34567890G,,,24/04/2001,Mujer
Ricky Dibner,90123456I,,,11/12/2016,Mujer
Miran Aspinell,12345678A,,,13/02/2024,Mujer
Eloise Pinchbeck,98765432B,,,02/08/2010,Mujer
Alexandre Tarrier,54321098E,,,30/09/2013,Mujer
Brit Tubritt,90123456I,,,12/09/2022,Mujer
Gardiner De Witt,34567890G,,,19/11/2007,Mujer
Geralda Hinstock,45678901C,,,06/07/2017,Mujer
Hurlee Studart,90123456I,,,05/06/2021,Mujer
Rochester Gergher,21098765D,,21/01/2019,12/06/2021,Mujer
Nyssa De Bruin,12345678A,,,16/06/2013,Mujer
Giffard McGinty,34567890G,,,31/03/2008,Mujer
Ruthann McComiskey,67890123H,,,27/07/2012,Mujer
Brandi Duly,23456789J,,,04/03/2019,Mujer
Dalis Stuchberry,23456789J,,,01/11/2019,Mujer
Jenilee Townsend,21098765D,,,04/03/2018,Mujer
Regan O'Hickee,45678901C,,,03/05/2008,Mujer
Dwain MacCoughan,54321098E,,11/05/2014,10/03/2007,Mujer
Mario Hedan,54321098E,,,26/10/2005,Mujer
Etti Leworthy,23456789J,,,15/04/2020,Mujer
Phillipp Adriaens,45678901C,,,17/10/2000,Mujer
Cherri Averies,90123456I,,,02/01/2023,Mujer
Sig Baitson,87654321F,,,06/04/2011,Mujer
Inez Patesel,45678901C,,21/07/2001,12/08/2011,Hombre
Christian Klehyn,98765432B,,,01/10/2003,Mujer
Pietra Boxhall,90123456I,,,14/06/2011,Mujer
Mitzi Attwoul,45678901C,,,01/03/2020,Mujer
Kari Benninger,45678901C,,,03/10/2013,Mujer
Janeen Lumsdale,12345678A,,,06/04/2007,Mujer
Bernard Cobson,67890123H,,,26/08/2000,Mujer
Georgina Payze,45678901C,,,16/09/2002,Mujer
Saunders Georges,45678901C,,,21/06/2007,Mujer
Rodger Signoret,87654321F,,,19/05/2011,Mujer
Trudey Baurerich,98765432B,,28/02/2024,03/11/2007,Mujer
Isa Jales,90123456I,,,20/03/2012,Mujer
Hedvige Swetland,67890123H,,,11/11/2017,Mujer
Friedrick Heineke,23456789J,,,07/03/2005,Mujer
Boote Elcott,98765432B,,,04/03/2001,Mujer
Lucille Gowenlock,12345678A,,,17/09/2007,Mujer
Alastair Murdie,12345678A,,,18/10/2009,Mujer
Jerad Happel,87654321F,,,07/06/2009,Mujer
Darlene Joscelyne,12345678A,,,13/01/2001,Mujer
Marcel Wornum,87654321F,,20/01/2022,21/07/2018,Mujer
Aubree Lamb,45678901C,,,14/04/2018,Mujer
Coriss Ivashintsov,67890123H,,,04/11/2012,Mujer
Gloriane Danis,12345678A,,,03/03/2001,Mujer
Ugo Treuge,90123456I,,,18/07/2011,Mujer
Kaitlyn Fenemore,45678901C,,,15/12/2018,Mujer
Ximenes Elie,87654321F,,,07/08/2009,Mujer
Philipa Normadell,67890123H,,,04/10/2020,Mujer
Mikaela Wilshin,23456789J,,,08/02/2003,Mujer
Evaleen Forri,90123456I,,,04/04/2010,Mujer
Lesya Burberye,67890123H,,,07/12/2007,Mujer
Brigham Durtnel,98765432B,,,03/06/2019,Mujer
Elsa Ackeroyd,67890123H,,,05/04/2004,Mujer
Levi Muneely,45678901C,,,22/04/2024,Mujer
Aloin Brammer,23456789J,,,27/02/2004,Mujer
Berenice Canlin,98765432B,,31/07/2002,15/09/2010,Mujer
Derry Lages,54321098E,,,23/02/2004,Mujer
Abba Dey,34567890G,,,27/12/2013,Mujer
Frederique Greenroyd,21098765D,,02/02/2019,05/10/2012,Mujer
Xever Snowden,67890123H,,,01/03/2008,Mujer
Shermie Withur,54321098E,,21/01/2004,02/08/2015,Mujer
Maitilde Garrish,90123456I,,,10/11/2020,Mujer
Doria Grigore,34567890G,,,04/02/2009,Mujer
Way Ody,67890123H,,,14/08/2007,Mujer
Quintilla Tinto,90123456I,,,15/05/2013,Mujer
Bee Minty,21098765D,,,26/11/2020,Mujer
Evelyn McGarrie,12345678A,,,08/03/2004,Mujer
Alane Leadbeatter,23456789J,,,29/12/2010,Mujer
Lira Weatherell,21098765D,,,25/04/2006,Mujer
Siouxie Sutherns,90123456I,,,13/03/2006,Mujer
Rosanna Winstanley,54321098E,,,21/03/2009,Mujer
Lewiss Dummett,45678901C,,,04/08/2012,Mujer
Gwenneth Grishelyov,21098765D,,,31/08/2004,Mujer
Garth Stuttman,45678901C,,,25/09/2016,Mujer
Julie Pover,67890123H,,,23/09/2010,Mujer
Papagena McCauley,45678901C,,,18/05/2015,Mujer
Lilllie Balaam,54321098E,,22/03/2002,17/08/2006,Mujer
Dix Oakinfold,54321098E,,,10/02/2004,Mujer
Hewitt Faltin,45678901C,,,22/02/2016,Mujer
Conchita Wye,45678901C,,24/02/2008,27/01/2002,Mujer
Van Reimers,21098765D,,,24/08/2013,Mujer
Lyndel Tumbridge,54321098E,,,29/10/2014,Mujer
Christie Renn,54321098E,,,14/01/2021,Mujer
Leroi Barsam,67890123H,,,28/07/2012,Mujer
Miran Eskell,87654321F,,,04/06/2020,Mujer
Erin Michel,21098765D,,,27/04/2011,Mujer
Valera Asprey,67890123H,,,06/04/2021,Mujer
Aila Coppard,67890123H,,,16/03/2006,Mujer
Adelaida Westby,90123456I,,,18/05/2024,Mujer
Elene Mollitt,12345678A,,,27/11/2022,Mujer
Birch Work,98765432B,,,28/06/2005,Mujer
Sophie Macveigh,45678901C,,,15/06/2003,Mujer
Nestor Desorts,23456789J,,,24/08/2017,Mujer
Vivian Caudell,67890123H,,,17/02/2013,Mujer
Elfrieda Bubeer,34567890G,,05/06/2017,23/07/2000,Mujer
Shanie Pettet,67890123H,,,26/09/2002,Mujer
Charmain Jopson,87654321F,,,13/03/2006,Mujer
Melloney Fritter,98765432B,,,02/12/2012,Mujer
Duff Wahncke,45678901C,,,24/11/2001,Mujer
Marline Davidge,21098765D,,,20/07/2007,Mujer
Celie Lucien,34567890G,,17/11/2002,12/07/2012,Mujer
Pryce Antao,34567890G,,,30/01/2017,Mujer
Ninon Proctor,45678901C,,,13/12/2010,Mujer
Lida Lucien,98765432B,,,14/05/2014,Mujer
Marla Pallis,87654321F,,,17/05/2003,Mujer
Tomlin Dewhirst,45678901C,,,27/06/2019,Mujer
Rafaelita Eliasson,90123456I,,,18/03/2017,Mujer
Halie Medendorp,54321098E,,,09/11/2013,Mujer
Lisetta Ironside,67890123H,,,23/03/2023,Mujer
Kati Mycroft,90123456I,,,01/06/2003,Mujer
Kessiah Downe,34567890G,,,19/07/2012,Mujer
Rebeka Mournian,12345678A,,,14/11/2004,Mujer
Edee Buxsey,12345678A,,,18/02/2006,Mujer
Virgina Schimon,90123456I,,,05/07/2012,Mujer
Baxie Skillicorn,23456789J,,,13/09/2000,Mujer
Carmelle Beels,87654321F,,,09/11/2015,Mujer
Gilbertina Jikylls,45678901C,,,12/03/2003,Mujer
Lonnard Gask,21098765D,,,11/02/2017,Mujer
Nefen Belhomme,98765432B,,,13/12/2016,Mujer
Chrissie Litchfield,87654321F,,,25/02/2016,Mujer
Parsifal Jerrome,54321098E,,,02/02/2009,Mujer
Terrel Keld,54321098E,,,26/04/2002,Mujer
Prinz Eisak,21098765D,,,25/04/2019,Mujer
Wallache Goalley,87654321F,,,08/06/2007,Mujer
Alexio Jell,34567890G,,,18/10/2003,Mujer
Schuyler McMeanma,54321098E,,,11/08/2005,Mujer
Tybi Ruddell,67890123H,,,22/09/2017,Mujer
Ashia Nisot,87654321F,,,08/12/2014,Mujer
Merl Ossulton,12345678A,,,15/03/2023,Mujer
Elie MacFadden,34567890G,,,02/12/2013,Mujer
Ferdinand Okeshott,21098765D,,,05/05/2024,Mujer
Normand Dorkins,12345678A,,,16/03/2022,Mujer
Natala Ardern,45678901C,,17/11/2015,18/10/2023,Mujer
Marley Tothacot,54321098E,,,22/06/2008,Mujer
Brear Elcox,34567890G,,11/08/2009,09/09/2006,Mujer
Berkeley Trouel,54321098E,,,30/03/2023,Mujer
Uri Maier,12345678A,,,25/07/2017,Mujer
Sibylla Gaul,23456789J,,,27/08/2006,Mujer
Shaughn Bleything,23456789J,,,12/11/2020,Mujer
Tally Kiggel,12345678A,,,02/12/2018,Mujer
Maximo Bartelet,45678901C,,,14/12/2003,Mujer
Lauren Ruckledge,98765432B,,,31/03/2003,Mujer
Isidro Beat,90123456I,,,27/03/2016,Mujer
Wayne Paternoster,54321098E,,,20/12/2014,Mujer
Gavin Lande,34567890G,,,18/06/2021,Mujer
Ardelle Bruineman,23456789J,,,18/09/2023,Mujer
Dorie Hartas,67890123H,,,21/11/2020,Mujer
Faydra Biaggioli,45678901C,,,11/06/2011,Mujer
Maria Bayne,34567890G,,,14/09/2002,Mujer
Colas Harrigan,23456789J,,,18/07/2010,Mujer
Warner Scallan,45678901C,,,22/07/2013,Mujer
Grata Tethacot,87654321F,,,02/08/2008,Mujer